id,V2,V3,V4,V5,V6,V7,V8,V9,V10,V11,V12,V13,Class
1,Sexy,Low,4.6,M,Summer,o-neck,sleevless,empire,?,chiffon,ruffles,animal,2
2,Casual,Low,0,L,Summer,o-neck,Petal,natural,microfiber,?,ruffles,animal,1
3,vintage,High,0,L,Automn,o-neck,full,natural,polyster,?,?,print,1
4,Brief,Average,4.6,L,Spring,o-neck,full,natural,silk,chiffon,embroidary,print,2
5,cute,Low,4.5,M,Summer,o-neck,butterfly,natural,chiffonfabric,chiffon,bow,dot,1
6,bohemian,Low,0,M,Summer,v-neck,sleevless,empire,?,?,?,print,1
7,Casual,Average,0,XL,Summer,o-neck,full,?,cotton,?,?,solid,1
8,Novelty,Average,0,free,Automn,o-neck,short,natural,polyster,broadcloth,lace,?,1
9,Flare,Average,0,free,Spring,v-neck,short,empire,cotton,broadcloth,beading,solid,2
10,bohemian,Low,0,free,Summer,v-neck,sleevless,natural,nylon,chiffon,?,?,2
11,party,Average,5,free,Summer,o-neck,full,natural,polyster,broadcloth,lace,solid,1
12,Flare,Average,0,free,Spring,v-neck,short,?,nylon,?,?,animal,1
13,sexy,Low,4.7,M,Winter,o-neck,threequarter,?,?,chiffon,lace,print,2
14,vintage,Average,4.8,M,Summer,o-neck,short,empire,cotton,jersey,?,animal,2
15,Casual,Low,5,M,Summer,boat-neck,short,?,cotton,?,sashes,solid,1
16,Casual,Low,0,free,Winter,boat-neck,full,?,other,other,lace,?,1
17,cute,Average,4.7,L,spring,o-neck,short,?,cotton,?,sashes,solid,2
18,bohemian,Medium,5,free,Automn,o-neck,full,natural,?,?,hollowout,patchwork,2
19,Brief,Average,0,M,Winter,peterpan-collor,threequarter,natural,cotton,?,?,patchwork,1
20,Sexy,Average,5,M,Automn,o-neck,sleevless,empire,milksilk,?,?,?,2
21,Sexy,Average,4.5,L,Automn,o-neck,full,?,cotton,?,beading,solid,1
22,Casual,Low,4.3,M,Summer,o-neck,sleevless,natural,?,chiffon,?,solid,1
23,Brief,Low,4,XL,Summer,v-neck,short,natural,cotton,?,pockets,solid,1
24,Sexy,Average,4.7,S,Summer,v-neck,sleevless,empire,cotton,?,sequined,solid,2
25,Sexy,Average,0,free,Automn,v-neck,sleevless,natural,polyster,?,lace,patchwork,1
26,Sexy,Average,0,M,Automn,o-neck,sleevless,empire,cotton,broadcloth,?,print,1
27,Sexy,Average,4.7,M,Spring,o-neck,sleevless,natural,?,?,?,solid,2
28,Casual,Low,0,L,Summer,o-neck,sleevless,natural,cotton,jersey,?,print,1
29,cute,Low,4.3,free,Automn,o-neck,sleevless,natural,polyster,chiffon,sashes,striped,1
30,cute,Low,4.7,M,Spring,ruffled,short,empire,chiffonfabric,chiffon,bow,dot,2
31,Casual,Average,4.6,L,Automn,o-neck,sleevless,empire,polyster,chiffon,ruffles,solid,1
32,Casual,Low,0,M,Spring,o-neck,sleevless,natural,silk,chiffon,applique,solid,2
33,Casual,Average,4.4,L,Automn,o-neck,sleevless,natural,linen,chiffon,ruffles,animal,1
34,Brief,Average,4.3,L,Spring,o-neck,sleevless,empire,?,?,bow,solid,2
35,party,High,4.7,M,Spring,o-neck,threequarter,?,?,?,?,print,1
36,Casual,Low,4.6,free,Winter,boat-neck,full,natural,cotton,?,?,patchwork,2
37,vintage,Average,4.6,free,Winter,o-neck,full,natural,?,chiffon,?,print,2
38,Brief,Average,0,M,Automn,o-neck,short,natural,cotton,?,?,print,1
39,party,Average,4.6,M,Winter,o-neck,sleevless,natural,cotton,?,lace,solid,2
40,Casual,Average,4.5,M,Spring,v-neck,short,empire,cotton,?,button,solid,2
41,Brief,Average,5,free,Spring,v-neck,sleevless,natural,cotton,broadcloth,lace,solid,2
42,Brief,Low,4.4,L,Automn,o-neck,halfsleeve,natural,rayon,chiffon,sashes,solid,1
43,Casual,Average,4.8,M,Winter,o-neck,short,natural,lycra,broadcloth,applique,patchwork,1
44,Casual,Low,4.8,free,Spring,o-neck,sleevless,natural,cotton,?,?,print,1
45,vintage,Average,4.8,M,Winter,o-neck,sleevless,natural,cotton,?,?,patchwork,2
46,Sexy,Average,0,M,Winter,o-neck,short,natural,?,?,lace,solid,1
47,Sexy,Average,4.8,L,Spring,v-neck,threequarter,empire,polyster,?,lace,geometric,1
48,Casual,Average,0,M,Summer,o-neck,halfsleeve,natural,cotton,chiffon,ruffles,dot,2
49,Casual,Low,4.7,M,Summer,o-neck,sleevless,empire,milksilk,?,?,solid,1
50,Casual,Medium,0,L,Winter,boat-neck,full,empire,?,?,?,solid,2
51,Sexy,Low,5,free,Summer,v-neck,sleevless,empire,?,chiffon,?,animal,2
52,Casual,Low,4.3,free,Summer,o-neck,sleevless,?,milksilk,?,?,animal,1
53,Casual,Average,0,L,Spring,o-neck,halfsleeve,natural,polyster,chiffon,hollowout,solid,2
54,Casual,Average,4.6,free,Automn,o-neck,sleevless,natural,polyster,chiffon,sashes,solid,2
55,sexy,Average,4.5,M,Spring,o-neck,threequarter,natural,polyster,?,lace,geometric,1
56,Novelty,Average,0,S,Winter,turndowncollor,full,natural,cotton,?,?,patchwork,1
57,Casual,Average,4.9,S,Winter,turndowncollor,full,natural,cotton,?,?,solid,2
58,sexy,Low,4.6,L,Automn,o-neck,sleevless,natural,?,?,lace,solid,2
59,bohemian,Low,4.5,M,Summer,v-neck,sleevless,natural,polyster,?,?,print,2
60,work,Average,0,M,Automn,slash-neck,sleevless,natural,polyster,?,bow,patchwork,1
61,cute,High,0,M,Spring,v-neck,full,natural,rayon,?,?,solid,2
62,Casual,Average,0,free,Spring,o-neck,short,natural,cotton,?,hollowout,plaid,1
63,Casual,Average,5,M,Summer,o-neck,short,empire,polyster,chiffon,?,animal,1
64,Casual,Average,4.7,M,spring,o-neck,sleevless,natural,?,chiffon,sashes,solid,1
65,Sexy,Low,4,S,Automn,o-neck,sleevless,empire,cotton,?,?,solid,2
66,Casual,Average,5,M,Automn,v-neck,short,natural,cotton,broadcloth,beading,solid,1
67,Casual,Low,0,free,Summer,v-neck,halfsleeve,natural,silk,broadcloth,applique,solid,1
68,Casual,Medium,4.5,S,Winter,o-neck,full,natural,polyster,?,?,patchwork,2
69,work,Average,4.8,L,Summer,v-neck,short,natural,polyster,?,hollowout,solid,1
70,Casual,Medium,0,M,Automn,v-neck,short,empire,polyster,?,?,solid,1
71,bohemian,Average,5,free,Summer,v-neck,sleevless,natural,cotton,batik,?,print,2
72,sexy,Low,0,M,Spring,v-neck,short,natural,polyster,satin,ruffles,solid,2
73,Sexy,Average,4.2,M,Winter,v-neck,sleevless,natural,cotton,flannael,?,solid,1
74,Casual,Low,4.8,free,Spring,o-neck,full,natural,cotton,worsted,lace,solid,1
75,Casual,Low,4.4,S,Automn,o-neck,sleevless,natural,polyster,?,?,solid,1
76,Casual,Low,4.7,L,Spring,o-neck,short,?,chiffonfabric,chiffon,bow,dot,1
77,Casual,Average,5,XL,Winter,boat-neck,full,?,cotton,?,?,geometric,2
78,Casual,Low,0,free,Spring,v-neck,sleevless,?,cotton,?,?,print,1
79,Casual,Average,0,free,Spring,o-neck,sleevless,natural,?,chiffon,?,solid,1
80,bohemian,very-high,4.7,free,Winter,v-neck,sleevless,?,polyster,?,?,?,2
81,Casual,Low,5,M,Summer,v-neck,sleevless,empire,polyster,chiffon,ruffles,animal,1
82,party,Average,4.7,M,Spring,v-neck,sleevless,natural,polyster,chiffon,hollowout,solid,1
83,Sexy,Low,5,free,Spring,o-neck,full,natural,cotton,worsted,?,striped,1
84,vintage,Low,4.6,M,Summer,o-neck,short,natural,?,chiffon,?,print,1
85,Casual,Average,0,free,Winter,o-neck,halfsleeve,empire,polyster,chiffon,hollowout,solid,1
86,Casual,low,4.9,L,Summer,boat-neck,short,?,?,chiffon,?,patchwork,2
87,Casual,Low,0,S,Automn,o-neck,full,natural,?,?,beading,solid,2
88,Sexy,Average,4,S,Automn,v-neck,sleevless,?,rayon,chiffon,?,patchwork,2
89,Sexy,Low,5,M,Automn,o-neck,full,natural,?,chiffon,lace,print,2
90,Brief,Average,4.6,M,Winter,peterpan-collor,threequarter,?,cotton,?,?,solid,1
91,Casual,Average,0,L,Spring,boat-neck,sleevless,natural,cotton,?,applique,patchwork,2
92,Casual,Average,4.8,L,Winter,o-neck,short,natural,cotton,?,pockets,solid,2
93,OL,Medium,0,M,Winter,mandarin-collor,halfsleeve,natural,cotton,?,sashes,solid,1
94,Sexy,Low,4.8,M,Spring,o-neck,halfsleeve,natural,silk,?,?,solid,1
95,Casual,Medium,0,S,Spring,v-neck,full,?,?,?,?,animal,2
96,Casual,Medium,0,M,Spring,v-neck,threequarter,natural,silk,chiffon,ruffles,solid,2
97,Casual,Average,0,M,Spring,o-neck,sleevless,natural,silk,?,?,print,1
98,Casual,Average,0,free,Winter,v-neck,full,natural,?,chiffon,ruffles,print,1
99,vintage,Low,4.8,S,Summer,o-neck,short,natural,?,chiffon,ruffles,print,1
100,Sexy,Low,4.8,L,Summer,v-neck,full,natural,cotton,jersey,applique,print,2
101,fashion,Average,4,free,Summer,open,full,?,cotton,?,sequined,solid,1
102,Casual,Average,4.7,L,Summer,v-neck,short,natural,?,?,?,print,2
103,Casual,Low,0,free,Winter,o-neck,halfsleeve,natural,polyster,worsted,?,patchwork,2
104,bohemian,Low,4.8,free,Summer,o-neck,short,?,?,?,?,animal,2
105,work,Medium,4.6,L,Winter,sqare-collor,short,empire,cotton,?,Tiered,solid,1
106,vintage,Average,4.7,L,Summer,o-neck,short,natural,cotton,?,button,solid,1
107,cute,Low,4.7,M,Spring,o-neck,short,empire,polyster,chiffon,ruffles,dot,2
108,Casual,Low,4.6,free,Automn,o-neck,full,natural,cotton,?,?,solid,2
109,Casual,Medium,0,free,Spring,o-neck,sleevless,natural,cotton,broadcloth,sequined,solid,2
110,Casual,Average,4.7,L,Automn,o-neck,halfsleeve,?,?,?,lace,?,1
111,Sexy,Average,0,L,Automn,v-neck,sleevless,empire,?,chiffon,?,patchwork,1
112,Casual,Low,4.7,free,Winter,o-neck,sleevless,natural,cotton,jersey,?,solid,2
113,Casual,Average,0,M,Automn,o-neck,short,empire,polyster,?,applique,print,1
114,cute,Average,4.8,L,Automn,slash-neck,sleevless,natural,?,chiffon,hollowout,solid,1
115,party,Average,5,M,Spring,o-neck,halfsleeve,natural,?,?,?,?,2
116,cute,Average,4.3,L,Winter,o-neck,sleevless,natural,?,chiffon,?,solid,1
117,Casual,Average,4.5,L,Spring,o-neck,short,natural,cotton,chiffon,?,patchwork,1
118,Casual,Low,4.7,L,Automn,o-neck,full,?,cotton,chiffon,lace,print,1
119,Casual,Low,4.5,free,Automn,v-neck,short,natural,silk,worsted,lace,solid,1
120,sexy,Average,3.6,L,Winter,v-neck,full,natural,polyster,woolen,beading,solid,2
121,work,Average,4.8,L,Winter,v-neck,short,natural,mix,broadcloth,lace,solid,1
122,vintage,Average,0,free,Summer,o-neck,sleevless,?,?,?,?,?,1
123,Sexy,Low,4.6,free,Spring,o-neck,full,natural,?,?,lace,leopard,2
124,Sexy,Low,0,free,Winter,v-neck,sleevless,empire,cotton,chiffon,?,solid,2
125,work,Average,4.6,L,Spring,o-neck,short,empire,cotton,jersey,?,patchwork,1
126,Casual,Average,4.4,M,Summer,o-neck,short,empire,?,?,lace,patchwork,1
127,cute,Low,4.9,M,Automn,o-neck,short,natural,chiffonfabric,chiffon,bow,dot,1
128,Sexy,Low,4.6,free,Summer,v-neck,sleevless,natural,cotton,broadcloth,beading,solid,1
129,party,Average,4.4,free,Automn,v-neck,threequarter,natural,?,?,?,solid,1
130,Casual,Average,0,free,Spring,o-neck,short,?,cotton,?,lace,?,2
131,Casual,Low,0,M,Summer,v-neck,full,natural,acrylic,?,lace,solid,1
132,Sexy,Average,4.6,M,Winter,o-neck,full,natural,polyster,?,?,patchwork,2
133,work,Average,4.6,M,Spring,v-neck,full,?,?,chiffon,?,?,1
134,cute,Average,4.7,L,Winter,o-neck,sleevless,natural,chiffonfabric,?,lace,solid,1
135,bohemian,Average,4.7,L,Automn,o-neck,sleevless,natural,?,chiffon,?,solid,1
136,cute,High,0,M,Winter,o-neck,threequarter,empire,silk,chiffon,lace,patchwork,1
137,Casual,Average,0,XL,Winter,o-neck,short,empire,polyster,?,button,solid,1
138,Novelty,Average,4.9,L,Automn,o-neck,short,natural,polyster,chiffon,?,print,2
139,Casual,Low,4.7,M,Automn,o-neck,full,?,cotton,?,?,solid,1
140,cute,Average,4.3,free,Summer,boat-neck,sleevless,?,?,?,?,?,2
141,Sexy,Low,0,free,Automn,slash-neck,short,empire,?,?,hollowout,solid,1
142,cute,Low,4.7,XL,Summer,o-neck,short,empire,chiffonfabric,chiffon,bow,print,1
143,Sexy,low,4.5,L,Spring,o-neck,sleevless,?,?,?,lace,solid,1
144,Casual,Average,4.7,M,Automn,o-neck,sleevless,?,cotton,?,?,animal,2
145,Casual,Average,0,L,Spring,boat-neck,sleevless,natural,cotton,?,lace,solid,2
146,cute,low,4.7,free,Summer,o-neck,sleevless,?,?,chiffon,?,print,2
147,Casual,low,4.4,free,Summer,turndowncollor,sleevless,natural,cotton,?,?,solid,1
148,Casual,Average,4.8,L,winter,v-neck,short,empire,polyster,?,ruffles,solid,1
149,vintage,Average,4.3,free,winter,o-neck,short,?,chiffonfabric,chiffon,?,print,1
150,cute,low,4.5,L,Summer,o-neck,sleevless,natural,cotton,chiffon,sashes,solid,2
151,Casual,Average,4.4,M,Summer,turndowncollor,sleevless,natural,chiffonfabric,chiffon,?,solid,1
152,vintage,Medium,0,S,Winter,turndowncollor,halfsleeve,natural,cotton,broadcloth,?,plaid,1
153,Sexy,low,4.7,free,Summer,turndowncollor,sleevless,natural,cotton,?,?,solid,2
154,vintage,High,0,L,Summer,o-neck,short,natural,cotton,?,?,print,1
155,Casual,low,0,free,Spring,v-neck,threequarter,?,silk,?,lace,?,2
156,Sexy,Average,0,S,Automn,slash-neck,short,natural,?,?,lace,solid,1
157,Casual,Low,0,free,Spring,o-neck,short,natural,?,?,hollowout,solid,1
158,cute,Medium,5,free,Winter,o-neck,sleevless,natural,silk,?,lace,solid,2
159,Casual,Low,4.7,free,Summer,o-neck,sleevless,?,?,?,?,print,1
160,Sexy,Low,4.8,free,Spring,v-neck,sleevless,?,?,?,sequined,solid,2
161,Casual,Average,4.5,L,Winter,o-neck,short,natural,cotton,?,bow,patchwork,1
162,vintage,Average,0,S,Spring,o-neck,full,natural,mix,chiffon,embroidary,print,1
163,Casual,Average,3.7,free,Automn,boat-neck,full,?,?,?,?,solid,2
164,vintage,Average,4.8,L,Winter,o-neck,sleevless,natural,cotton,?,?,patchwork,1
165,cute,Average,0,XL,Spring,boat-neck,full,?,cotton,worsted,applique,dot,2
166,Casual,Average,0,L,Winter,open,short,natural,mix,poplin,applique,solid,2
167,sexy,Medium,5,M,Winter,o-neck,sleevless,empire,polyster,?,bow,solid,1
168,Brief,Average,4.9,free,Summer,slash-neck,sleevless,natural,?,?,?,solid,1
169,Casual,High,4.9,S,Spring,o-neck,threequarter,natural,?,?,?,dot,2
170,Brief,Average,4.6,free,Winter,o-neck,full,natural,mix,?,sashes,solid,1
171,Casual,Low,4.5,free,Winter,o-neck,full,natural,mix,worsted,applique,solid,1
172,Casual,Low,4.8,XL,Summer,o-neck,short,empire,mix,chiffon,sashes,geometric,1
173,Sexy,Medium,4.6,L,Summer,o-neck,short,natural,spandex,jersey,lace,solid,1
174,Casual,Average,4.5,M,Winter,v-neck,sleevless,natural,?,chiffon,button,striped,1
175,work,Average,0,S,Automn,o-neck,sleevless,natural,linen,?,?,patchwork,1
176,Casual,Low,0,L,Winter,o-neck,sleevless,empire,polyster,?,?,leopard,1
177,cute,low,5,L,Winter,o-neck,threequarter,natural,silk,chiffon,sashes,print,1
178,Brief,Average,4.3,M,Spring,o-neck,full,natural,mix,worsted,sequined,patchwork,2
179,Sexy,low,4.4,free,Automn,o-neck,full,empire,cotton,?,?,leopard,1
180,cute,low,0,free,Summer,peterpan-collor,short,empire,cotton,broadcloth,applique,print,1
181,Casual,Average,4.5,free,Summer,o-neck,short,natural,cotton,?,?,solid,2
182,Sexy,low,4.7,M,Winter,slash-neck,sleevless,?,nylon,?,sashes,solid,2
183,Casual,low,4.7,free,Spring,o-neck,sleevless,empire,cotton,chiffon,?,floral,1
184,Casual,Medium,4.8,M,Winter,peterpan-collor,short,natural,polyster,chiffon,lace,patchwork,1
185,Sexy,low,4.3,free,Winter,v-neck,sleevless,natural,silk,worsted,lace,solid,2
186,bohemian,Average,0,L,Winter,turndowncollor,full,natural,mix,?,?,solid,1
187,Casual,Low,0,free,?,o-neck,full,natural,cotton,?,?,patchwork,1
188,cute,Medium,4.8,free,Spring,slash-neck,sleevless,natural,polyster,chiffon,sashes,solid,2
189,Sexy,Average,0,S,Automn,v-neck,sleevless,empire,cotton,?,beading,solid,1
190,Casual,Low,4.6,S,Spring,o-neck,full,natural,cotton,?,?,solid,2
191,vintage,Medium,4.7,free,Spring,turndowncollor,sleevless,natural,mix,?,lace,solid,2
192,work,low,4.7,free,Summer,o-neck,full,empire,cotton,?,?,solid,1
193,cute,Average,4.8,M,Summer,o-neck,short,natural,cotton,?,rivet,solid,1
194,cute,Average,0,M,Summer,o-neck,short,natural,cotton,chiffon,?,print,1
195,Casual,Average,4.7,M,winter,o-neck,full,?,?,?,?,animal,1
196,Casual,low,4.6,free,winter,o-neck,full,natural,polyster,?,applique,solid,2
197,party,Average,5,free,Summer,v-neck,sleevless,?,?,?,?,?,1
198,Casual,Average,0,free,Summer,v-neck,sleevless,natural,cotton,chiffon,?,patchwork,1
199,Sexy,Average,5,L,winter,o-neck,threequarter,natural,polyster,?,lace,geometric,1
200,Sexy,Average,4.8,free,Winter,o-neck,sleevless,natural,polyster,?,embroidary,solid,1
201,Casual,Average,4.7,S,Summer,v-neck,short,natural,cotton,?,?,dot,1
202,Casual,Average,4.1,M,Automn,v-neck,full,?,?,chiffon,sashes,?,2
203,Casual,Average,5,XL,Automn,o-neck,short,natural,chiffonfabric,chiffon,?,?,1
204,Sexy,Average,5,M,Summer,v-neck,sleevless,empire,cotton,?,sequined,solid,2
205,work,Average,4.6,L,Summer,slash-neck,short,natural,cotton,?,?,solid,1
206,Casual,Average,4.5,M,Summer,peterpan-collor,sleevless,?,?,?,?,?,1
207,vintage,Average,4.5,L,Automn,o-neck,sleevless,empire,?,worsted,?,solid,1
208,Casual,Average,0,M,Summer,o-neck,threequarter,natural,nylon,broadcloth,?,solid,2
209,cute,Average,4.7,L,Summer,o-neck,sleevless,natural,cotton,worsted,?,print,1
210,bohemian,Low,4.7,free,Winter,o-neck,short,natural,nylon,?,sashes,print,1
211,Casual,low,5,free,Spring,slash-neck,sleevless,empire,spandex,?,?,striped,2
212,Casual,Average,5,M,Winter,o-neck,sleevless,natural,?,chiffon,sashes,solid,2
213,Casual,Average,4.3,free,Summer,o-neck,sleevless,natural,cotton,worsted,?,striped,1
214,work,low,4.5,M,Winter,v-neck,threequarter,?,?,?,?,patchwork,1
215,Casual,Average,4.3,S,Spring,boat-neck,full,natural,cotton,?,lace,patchwork,2
216,Casual,Average,4.4,L,Automn,o-neck,halfsleeve,natural,?,dobby,lace,animal,1
217,sexy,Low,4.3,M,Automn,open,short,natural,lace,?,lace,print,1
218,Casual,Low,4.6,free,Summer,o-neck,full,natural,cotton,worsted,lace,solid,2
219,Casual,low,4.6,L,Winter,o-neck,full,?,cotton,?,?,?,1
220,Casual,Average,4.6,M,Spring,o-neck,sleevless,natural,?,chiffon,sashes,solid,2
221,Casual,low,0,free,Automn,peterpan-collor,threequarter,empire,?,?,?,?,1
222,Casual,Average,4.7,S,Spring,o-neck,halfsleeve,empire,?,chiffon,?,?,2
223,Casual,Average,0,S,Summer,o-neck,sleevless,empire,cotton,?,?,solid,1
224,Casual,low,4.8,free,Summer,o-neck,sleevless,natural,cotton,?,?,print,2
225,Casual,Average,5,S,Winter,o-neck,sleevless,empire,polyster,chiffon,?,plaid,1
226,Sexy,very-high,0,free,Winter,v-neck,sleevless,natural,polyster,knitting,?,solid,1
227,Casual,low,4.4,free,Summer,o-neck,sleevless,natural,polyster,?,sashes,print,1
228,Casual,Average,4.8,M,Automn,v-neck,short,?,?,chiffon,embroidary,print,2
229,Casual,Average,5,free,Summer,v-neck,sleevless,?,modal,?,?,patchwork,1
230,Sexy,low,4.8,M,Automn,v-neck,full,natural,cotton,?,?,print,2
231,Casual,Average,4.6,free,Winter,v-neck,full,natural,cotton,flannel,?,striped,1
232,Casual,Average,4.6,M,Winter,v-neck,full,natural,chiffonfabric,chiffon,?,?,1
233,Casual,low,5,S,Spring,o-neck,sleevless,natural,chiffonfabric,?,?,print,1
234,cute,Average,0,M,Winter,o-neck,short,natural,polyster,chiffon,sashes,solid,1
235,Casual,low,4.8,free,Spring,o-neck,sleevless,?,chiffonfabric,chiffon,?,print,2
236,Casual,Average,4.6,M,Automn,o-neck,short,empire,polyster,?,applique,dot,1
237,bohemian,Average,5,M,Spring,slash-neck,sleevless,empire,?,chiffon,ruffles,solid,2
238,Casual,Low,4.9,free,winter,o-neck,sleevless,empire,silk,?,sashes,print,2
239,Casual,Average,4.7,L,Summer,o-neck,sleevless,natural,silk,chiffon,beading,solid,1
240,Casual,Medium,4.6,M,winter,o-neck,full,natural,cashmere,?,?,solid,2
241,Casual,Average,4.7,M,winter,v-neck,sleevless,empire,polyster,chiffon,applique,print,1
242,Sexy,Average,4.7,M,winter,v-neck,sleevless,natural,polyster,broadcloth,?,patchwork,1
243,Casual,Average,3.5,M,winter,v-neck,short,natural,?,?,?,solid,1
244,Casual,Average,4.8,M,winter,o-neck,threequarter,natural,?,?,?,print,2
245,Casual,Average,0,M,winter,o-neck,full,natural,cotton,jersey,feathers,solid,2
246,Casual,low,4.6,M,Summer,o-neck,sleevless,natural,cotton,?,sashes,striped,1
247,Casual,Average,4.7,L,Spring,v-neck,halfsleeve,natural,?,broadcloth,?,print,2
248,Casual,low,4.5,free,Summer,o-neck,full,natural,cotton,?,button,solid,1
249,Casual,Average,4.7,M,Summer,o-neck,sleevless,natural,polyster,?,?,character,1
250,Casual,low,4.5,M,Winter,o-neck,short,natural,chiffonfabric,chiffon,?,solid,1
251,Casual,low,4.7,S,summer,o-neck,full,natural,cotton,?,?,patchwork,1
252,cute,Low,0,free,Summer,boat-neck,sleevless,?,cotton,?,?,print,1
253,party,very-high,5,M,Spring,slash-neck,sleevless,natural,chiffonfabric,chiffon,flowers,?,2
254,Casual,Average,4.9,M,Automn,v-neck,sleevless,?,polyster,?,?,?,2
255,party,very-high,0,L,Winter,v-neck,sleevless,natural,polyster,tulle,beading,?,1
256,party,very-high,0,M,Winter,v-neck,cap-sleeves,?,?,chiffon,lace,?,1
257,Casual,Low,4.4,M,Winter,v-neck,turndowncollor,?,cotton,?,?,?,2
258,party,very-high,0,M,Spring,v-neck,threequater,natural,lycra,sattin,applique,?,2
259,party,high,0,M,Winter,Sweetheart,sleevless,natural,?,?,pearls,?,1
260,party,high,0,M,Spring,Sweetheart,sleevless,?,nylon,?,?,?,1
261,party,Average,5,M,Winter,o-neck,capsleeves,empire,polyster,?,lace,?,2
262,party,high,4.7,M,Winter,sweetheart,sleeveless,natural,?,chiffon,flowers,?,1
263,party,?,4.8,free,Winter,o-neck,sleevless,empire,?,?,embroidary,?,2
264,party,?,4.5,L,Summer,?,full,?,?,?,?,?,2
265,party,very-high,4.9,M,Spring,Sweetheart,sleeevless,empire,?,chiffon,beading,?,2
266,party,high,4.6,M,winter,Sweetheart,sleevless,natural,?,chiffon,?,?,1
267,party,Average,5,M,Spring,Sweetheart,sleevless,natural,polyster,?,?,?,2
268,party,very-high,4.8,L,Spring,Sweetheart,sleevless,empire,microfiber,organza,beading,?,2
269,party,very-high,0,M,Winter,Sweetheart,sleevless,natural,polyster,chiffon,beading,?,2
270,party,high,4.6,L,Spring,slash-neck,sleevless,empire,silk,chiffon,beading,?,1
271,party,Average,4.8,L,?,Sweetheart,sleevless,empire,?,?,pleat,?,2
272,party,Medium,4.6,S,Winter,Scoop,short,empire,?,?,crystal,?,1
273,party,very-high,4.9,M,Spring,Sweetheart,sleevless,natural,silk,chiffon,beading,?,2
274,party,Medium,4.8,S,Spring,v-neck,sleevless,empire,?,?,?,?,2
275,party,very-high,4.2,L,Winter,v-neck,sleevless,?,?,?,lace,?,2
276,Casual,Low,4.4,free,Summer,o-neck,sleevless,?,?,?,?,?,2
277,party,very-high,4.1,M,Winter,Scoop,short,natural,cotton,lace,applique,?,2
278,party,very-high,0,M,Winter,o-neck,full,natural,?,?,feathers,?,2
279,Casual,high,4.6,M,Summer,Sweetheart,sleevless,empire,?,?,beading,?,2
280,party,Average,4.7,free,Winter,o-neck,sleevless,?,polyster,?,?,?,1
281,party,very-high,4.7,L,Winter,slash-neck,sleevless,empire,viscos,chiffon,beading,?,2
282,party,very-high,4.5,M,Spring,v-neck,cap-sleeves,?,?,?,lace,?,2
283,party,Average,4.7,free,Spring,Sweetheart,sleevless,empire,rayon,chiffon,beading,solid,2
284,party,high,4.8,M,Summer,Sweetheart,sleevless,princess,?,sattin,?,?,2
285,party,high,4.6,M,Summer,slash-neck,sleevless,natural,?,chiffon,?,?,2
286,party,Medium,4.7,M,Winter,o-neck,sleevless,empire,cotton,chiffon,button,?,2
287,cute,Average,4.4,free,Spring,Sweetheart,sleevless,empire,spandex,tulle,ruched,solid,2
288,party,Average,5,M,Spring,o-neck,sleevless,?,?,?,?,?,2
289,party,very-high,4.8,free,Spring,Sweetheart,sleevless,natural,polyster,chiffon,beading,?,2
290,party,Medium,4.8,M,Spring,o-neck,sleevless,natural,silk,chiffon,crystal,?,2
291,party,very-high,4.9,L,Spring,slash-neck,sleevless,?,?,chiffon,flowers,?,2
292,party,Medium,0,free,Winter,v-neck,short,empire,?,chiffon,lace,?,2
293,work,Average,5,free,Winter,o-neck,half,?,microfiber,?,?,?,1
294,party,very-high,4.9,M,Spring,v-neck,sleevless,empire,?,sattin,beading,?,2
295,Casual,high,5,free,Summer,v-neck,sleevless,natural,nylon,?,?,?,2
296,Casual,very-high,0,small,Spring,o-neck,full,?,?,chiffon,applique,?,1
297,Casual,Medium,4.7,M,Spring,o-neck,sleevless,natural,cotton,?,bow,?,2
298,party,Average,0,M,Spring,v-neck,sleevless,natural,?,?,?,?,2
299,Casual,Average,4.4,free,Summer,slash-neck,sleevless,empire,cotton,?,?,?,2
300,Casual,very-high,4.6,M,winter,o-neck,short,natural,?,?,flowers,?,2
301,Casual,Low,4.4,free,winter,halter,sleevless,natural,?,?,draped,?,2
302,party,high,4.5,M,winter,o-neck,sleevless,?,?,?,?,?,2
303,Casual,Average,4.8,free,Summer,o-neck,sleevless,natural,?,?,?,?,1
304,Sexy,Average,5,M,Summer,o-neck,sleeveless,natural,polyster,broadcloth,rivet,?,1
305,vintage,Average,4.9,free,Summer,o-neck,urndowncollor,empire,?,?,?,?,1
306,vintage,Average,4.7,S,Summer,turndowncollor,short,empire,cotton,?,?,?,1
307,work,Average,4.9,M,Summer,sqare-collor,halfsleeve,empire,polyster,sattin,sashes,?,1
308,Casual,low,4.7,L,Spring,o-neck,short,natural,chiffonfabric,chiffon,?,?,1
309,Casual,Average,4.8,L,Automn,o-neck,short,natural,cashmere,?,?,?,1
310,Sexy,low,4.7,free,Spring,v-neck,sleeveless,?,?,?,sequined,?,2
311,Casual,Average,0,S,Winter,slash-neck,halfsleeve,natural,nylon,broadcloth,?,?,1
312,Casual,Average,4.2,S,Winter,v-neck,sleevless,empire,other,chiffon,hollowout,patchwork,1
313,Novelty,Average,0,free,Summer,o-neck,full,natural,cotton,sattin,hollowout,solid,1
314,Casual,Low,4.3,free,Summer,backless,sleevless,empire,chiffonfabric,chiffon,crystal,?,1
315,Casual,Average,3.7,M,Summer,boat-neck,sleevless,natural,linen,?,?,?,1
316,Casual,Average,5,free,winter,o-neck,sleevless,natural,polyster,broadcloth,lace,?,2
317,Sexy,low,5,free,Spring,v-neck,sleevless,empire,?,chiffon,?,?,1
318,cute,Low,0,free,Winter,o-neck,sleevless,natural,?,chiffon,?,?,1
319,vintage,Average,4.8,M,Summer,v-neck,full,natural,rayon,poplin,?,?,2
320,bohemian,Average,4.8,L,Winter,o-neck,sleevless,natural,polyster,chiffon,?,solid,1
321,bohemian,Average,0,free,Spring,o-neck,sleevless,natural,rayon,chiffon,?,striped,2
322,Sexy,Average,4.5,M,Summer,bowneck,sleevless,?,cotton,chiffon,?,solid,1
323,Novelty,Medium,4.2,M,Winter,o-neck,halfsleeve,natural,polyster,chiffon,hollowout,animal,2
324,Casual,Low,5,free,Spring,v-neck,full,natural,cotton,?,?,solid,2
325,Casual,Average,5,L,Winter,o-neck,thressqatar,natural,polyster,?,applique,solid,1
326,Casual,Low,4.8,M,Winter,v-neck,sleevless,natural,polyster,?,?,print,1
327,bohemian,Low,5,free,Spring,o-neck,short,natural,nylon,jersey,sashes,print,2
328,Casual,low,5,free,Spring,bowneck,sleevless,natural,silk,chiffon,applique,print,1
329,Casual,Low,5,M,Spring,o-neck,sleeevless,natural,chiffonfabric,chiffon,?,solid,2
330,cute,Average,4.3,M,Summer,?,?,natural,cotton,chiffon,?,solid,1
331,Novelty,Average,0,free,winter,o-neck,short,natural,polyster,broadcloth,lace,?,2
332,cute,low,0,L,Spring,o-neck,sleevless,empire,?,?,?,?,2
333,Sexy,Low,4.8,free,Spring,slash-neck,sleevless,natural,cotton,broadcloth,sequined,solid,1
334,Sexy,Low,4.8,free,Summer,slash-neck,sleevless,empire,silk,?,lace,solid,1
335,Casual,Low,4.4,M,Winter,o-neck,sleevless,natural,polyster,?,?,solid,1
336,Casual,Average,4.5,M,Winter,o-neck,sleevless,natural,polyster,chiffon,ruched,striped,1
337,Casual,Low,4.7,S,Summer,o-neck,full,natural,cotton,?,?,patchwork,1
338,Casual,low,4.4,free,Spring,o-neck,sleevless,natural,polyster,?,sashes,print,1
339,work,Average,4.9,M,Winter,slash-neck,short,natural,polyster,broadcloth,ruffles,solid,1
340,cute,Medium,4.6,free,Spring,o-neck,short,natural,chiffonfabric,?,hollowout,solid,2
341,Casual,Low,4.7,free,Spring,o-neck,halfsleeve,natural,silk,chiffon,sashes,print,1
342,Casual,Low,4.7,M,Winter,o-neck,full,empire,polyster,chiffon,?,print,2
343,Casual,Average,4.8,M,Spring,o-neck,sleevless,natural,cotton,chiffon,hollowout,print,1
344,Sexy,Low,4.8,L,Summer,o-neck,sleevless,natural,cotton,?,?,solid,2
345,Casual,Average,4.3,M,Spring,o-neck,halfsleeve,?,?,?,?,?,2
346,Casual,Average,4.7,XL,winter,v-neck,short,empire,milksilk,?,?,print,1
347,Casual,Low,0,L,winter,v-neck,full,?,?,?,?,solid,1
348,Sexy,Average,4.7,M,Automn,slash-neck,sleevless,natural,nylon,?,rivet,solid,1
349,Casual,Low,4.7,free,winter,o-neck,sleevless,natural,?,?,?,?,2
350,Casual,high,0,L,winter,v-neck,full,?,polyster,?,?,solid,1
351,Casual,Low,4.7,L,Summer,o-neck,sleevless,natural,silk,worsted,lace,patchwork,1
352,Casual,Average,4.7,free,Summer,v-neck,full,natural,cotton,?,sashes,solid,1
353,Casual,Average,0,free,Winter,v-neck,full,?,cashmere,?,?,solid,2
354,Casual,low,4.7,free,Summer,o-neck,capsleeves,natural,chiffonfabric,chiffon,?,print,2
355,Casual,Average,4.7,M,Summer,o-neck,thressqatar,?,chiffonfabric,chiffon,ruched,solid,1
356,Sexy,low,4.5,free,Summer,slash-neck,sleevless,?,polyster,Corduroy,?,?,1
357,vintage,low,4,free,Summer,turndowncollor,short,natural,cotton,wollen,hollowout,solid,1
358,Sexy,low,4.7,free,Summer,v-neck,sleevless,?,?,?,?,?,1
359,bohemian,low,5,free,Summer,o-neck,sleevless,empire,cotton,broadcloth,tassel,print,2
360,Casual,low,4.7,S,Winter,o-neck,sleeevless,natural,knitting,?,lace,solid,1
361,Sexy,Average,4.5,S,Winter,v-neck,sleevless,?,polyster,?,?,?,1
362,cute,Average,4.7,M,Summer,o-neck,sleevless,natural,chiffonfabric,?,sashes,splice,1
363,vintage,Low,0,free,Summer,o-neck,sleevless,natural,cotton,batik,?,print,2
364,Casual,Average,4.1,L,winter,o-neck,sleevless,natural,polyster,?,?,?,2
365,Casual,Average,4.2,M,winter,v-neck,full,empire,polyster,?,lace,patchwork,2
366,Brief,Average,4.8,free,winter,v-neck,halfsleeve,natural,polyster,broadcloth,?,solid,1
367,Brief,Average,4.9,free,Winter,o-neck,sleevless,natural,?,?,?,solid,1
368,Sexy,Average,4.8,S,Winter,v-neck,sleevless,empire,polyster,chiffon,lace,solid,1
369,Casual,Average,4.7,L,Winter,o-neck,sleevless,natural,polyster,chiffon,?,patchwork,1
370,vintage,Average,4.7,M,Summer,v-neck,short,natural,rayon,?,beading,print,1
371,Casual,Average,4.8,free,Summer,o-neck,sleevless,natural,cotton,chiffon,sashes,solid,1
372,Sexy,Low,4.7,M,Winter,v-neck,sleevless,natural,polyster,?,?,striped,1
373,Casual,Average,5,s,Spring,turndowncollor,full,empire,cotton,worsted,?,solid,1
374,Casual,Low,1,M,Spring,o-neck,halfsleeve,?,?,chiffon,?,?,1
375,Sexy,Average,4.1,free,Summer,v-neck,sleevless,natural,cotton,?,lace,?,2
376,Casual,Low,4,free,Summer,v-neck,sleevless,natural,cotton,broadcloth,hollowout,print,1
377,work,Average,4.7,M,Spring,v-neck,sleevless,?,?,?,?,?,2
378,cute,Average,4.6,free,Spring,v-neck,full,natural,cotton,chiffon,?,solid,2
379,Casual,Low,5,M,Spring,o-neck,sleevless,natural,spandex,jersey,?,print,1
380,Casual,Average,4.7,M,Automn,v-neck,sleevless,natural,?,chiffon,?,striped,2
381,Casual,low,4.6,free,winter,o-neck,full,natural,polyster,?,applique,solid,1
382,Casual,Average,4.5,L,Summer,o-neck,short,natural,cotton,jersey,pockets,solid,1
383,cute,Average,4.6,M,Automn,o-neck,thressqatar,natural,silk,chiffon,sashes,print,1
384,Casual,Low,4.6,free,Automn,o-neck,halfsleeve,natural,chiffonfabric,chiffon,?,leapord,2
385,Casual,Low,4.7,L,Summer,?,sleevless,?,cotton,?,?,solid,2
386,Sexy,Low,0,L,Summer,o-neck,sleevless,empire,sill,?,?,striped,1
387,bohemian,Average,4,free,Winter,o-neck,sleevless,natural,polyster,chiffon,ruffles,striped,1
388,Casual,low,4.7,free,Summer,o-neck,full,natural,cotton,?,?,solid,2
389,work,Average,0,M,Summer,v-neck,sleevless,natural,cotton,worsted,?,solid,2
390,bohemian,Average,4.1,free,Summer,o-neck,thressqatar,?,?,?,hollowout,?,1
391,Casual,Average,0,M,Spring,o-neck,halfsleeve,natural,?,?,lace,?,1
392,Brief,Low,4.6,M,Summer,o-neck,short,natural,cotton,?,?,animal,1
393,cute,Low,0,free,Spring,v-neck,sleevless,empire,chiffonfabric,chiffon,?,?,2
394,Casual,Average,5,M,Spring,o-neck,thressqatar,?,spandex,?,?,?,1
395,Casual,Low,5,free,winter,o-neck,full,natural,wool,?,applique,solid,1
396,vintage,Average,4.5,L,winter,o-neck,short,empire,?,?,sequined,patchwork,2
397,Casual,Average,4.5,free,Summer,o-neck,short,natural,polyster,?,?,solid,1
398,bohemian,Low,4.4,L,Summer,bowneck,short,natural,cotton,?,?,dot,1
399,Casual,high,0,L,winter,v-neck,thressqatar,natural,polyster,?,ruffles,solid,2
400,Casual,Average,4.8,free,winter,o-neck,sleevless,?,polyster,?,sashes,solid,1
401,Brief,Low,4.7,M,Winter,o-neck,full,natural,cotton,?,?,patchwork,1
402,Casual,Medium,0,free,Winter,bowneck,full,?,cashmere,knitted,?,solid,2
403,Casual,Average,4.7,M,Winter,o-neck,short,empire,polyster,shiffon,?,animal,1
404,party,Average,0,M,Summer,o-neck,full,natural,cotton,?,?,patchwork,2
405,bohemian,Average,4.8,S,Summer,v-neck,short,natural,cotton,?,?,solid,1
406,Sexy,Average,4.9,free,Summer,sqare-collor,sleevless,natural,polyster,?,sashes,print,1
407,Casual,Average,3,M,Spring,turndowncollor,short,empire,polyster,?,sashes,patchwork,1
408,Casual,low,4.7,L,Automn,o-neck,short,natural,polyster,shiffon,?,patchwork,2
409,Casual,Average,4.3,M,Automn,o-neck,sleevless,natural,polyster,?,plain,solid,1
410,Casual,Average,0,XL,Winter,v-neck,short,empire,polyster,shiffon,pockets,solid,2
411,Casual,Low,5,free,Summer,o-neck,sleevless,natural,model,jersey,plain,solid,2
412,vintage,Average,0,L,Summer,sqare-collor,short,empire,cotton,chiffon,?,dot,2
413,Casual,Low,4.7,free,winter,o-neck,sleevless,natural,milksilk,?,?,animal,1
414,vintage,Average,5,M,Summer,v-neck,thressqatar,natural,polyster,?,?,print,1
415,Casual,Low,4.7,L,Summer,o-neck,full,natural,mix,worsted,lace,patchwork,2
416,bohemian,Average,4.6,M,Spring,o-neck,sleevless,natural,shiffon,shiffon,sashes,solid,1
417,party,Average,4.8,M,Summer,o-neck,full,?,cotton,?,?,solid,2
418,bohemian,Low,4.6,free,Summer,v-neck,sleevless,natural,cotton,broadcloth,beading,solid,1
419,party,very-high,4.6,free,Summer,o-neck,sleevless,empire,rayon,?,hollowout,solid,1
420,cute,Low,4.8,M,Spring,o-neck,short,natural,shiffon,shiffon,bow,dot,2
421,vintage,Average,0,M,Spring,o-neck,halfsleeve,empire,polyster,?,lace,animal,1
422,Casual,Medium,4.9,L,Winter,o-neck,short,natural,cotton,broadcloth,sashes,solid,1
423,Casual,Average,4.2,free,Summer,o-neck,sleevless,natural,cotton,worsted,?,striped,2
424,Casual,Average,4.9,M,Summer,o-neck,short,dropped,cotton,?,ruffles,patchwork,1
425,bohemian,Low,5,XL,Spring,v-neck,thressqatar,natural,?,shiffon,?,print,2
426,Casual,Average,4.7,M,Summer,o-neck,sleevless,?,cotton,?,?,dot,1
427,Casual,Average,0,free,Summer,bowneck,halfsleeve,?,cotton,?,?,?,1
428,Casual,Average,0,free,Summer,o-neck,sleevless,natural,cotton,?,lace,floral,1
429,Sexy,Medium,0,free,winter,o-neck,sleevless,natural,polyster,?,sequined,solid,1
430,Sexy,low,4.4,free,Automn,v-neck,sleevless,natural,cotton,worsted,lace,solid,1
431,Sexy,Average,0,free,Spring,v-neck,full,natural,cotton,wollen,lace,solid,2
432,Brief,Average,4.9,XL,Spring,slash-neck,full,natural,?,?,sashes,solid,1
433,Casual,Average,4.7,XL,Summer,v-neck,halfsleeve,natural,?,broadcloth,?,print,2
434,Casual,Average,0,free,Automn,v-neck,full,natural,cotton,?,lace,solid,1
435,Casual,Average,4.8,M,Summer,v-neck,full,natural,?,shiffon,?,?,1
436,Casual,Medium,4.9,L,Spring,sqare-collor,sleevless,empire,?,?,?,print,1
437,party,Average,4.7,M,Spring,o-neck,halfsleeve,empire,?,shiffon,?,patchwork,1
438,Sexy,low,4.4,free,Summer,bowneck,sleevless,natural,viscos,?,bow,solid,1
439,bohemian,Low,4.6,free,winter,o-neck,sleevless,empire,polyster,?,?,patchwork,2
440,Casual,Low,4.6,free,Autumn,o-neck,full,natural,rayon,?,lace,solid,2
441,Sexy,Low,4.5,free,Summer,o-neck,sleevless,empire,cotton,?,sashes,solid,2
442,Sexy,Low,0,free,winter,v-neck,?,dropped,cotton,?,lace,?,2
443,Casual,Average,0,XL,Spring,bowneck,sleevless,natural,mix,?,lace,solid,1
444,Sexy,Average,0,free,Autumn,o-neck,full,natural,polyster,sattin,hollowout,solid,1
445,Sexy,Low,4.8,free,Spring,v-neck,sleevless,natural,?,?,?,striped,2
446,Brief,Low,4.7,free,Autumn,o-neck,sleevless,natural,?,shiffon,sequined,solid,1
447,Sexy,high,5,M,Summer,v-neck,sleevless,natural,mix,?,?,striped,1
448,Casual,Average,4.6,L,Summer,bowneck,full,dropped,cotton,?,?,patchwork,1
449,cute,Medium,4.9,S,Summer,bowneck,sleevless,empire,?,?,bow,patchwork,2
450,Novelty,Average,4.9,M,Autumn,o-neck,short,natural,polyster,chiffon,none,print,1
451,Casual,Low,4.3,free,Spring,o-neck,full,?,?,chiffon,sashes,none,2
452,Casual,Low,4.7,S,Autumn,o-neck,sleevless,natural,cotton,?,?,solid,1
453,Casual,Average,4.8,L,Autumn,boat-neck,sleevless,natural,?,?,sashes,solid,1
454,cute,Average,4.5,L,winter,v-neck,sleevless,natural,polyster,jersey,sashes,solid,2
455,Casual,Average,4.4,free,Summer,o-neck,capsleeves,natural,cotton,?,?,solid,1
456,party,Average,0,M,Spring,o-neck,sleevless,?,?,chiffon,?,solid,2
457,Sexy,Low,0,free,Summer,v-neck,sleevless,dropped,?,?,?,?,2
458,Casual,Low,4.8,L,Summer,v-neck,thressqatar,natural,cotton,?,?,print,1
459,work,Average,5,M,Summer,o-neck,sleveless,natural,?,?,?,solid,2
460,Novelty,Average,5,free,Summer,o-neck,sleeveless,natural,?,?,?,print,1
461,Casual,Low,4.6,free,Spring,v-neck,sleevless,natural,silk,chiffon,draped,solid,1
462,Casual,Average,4.5,M,Summer,o-neck,full,natural,cotton,?,lace,solid,1
463,Casual,Average,4.5,L,Spring,boat-neck,thressqatar,natural,?,dobby,lace,animal,2
464,Casual,Average,4.5,free,Autumn,o-neck,halfsleeve,natural,cotton,chiffon,hollowout,solid,2
465,cute,Low,0,M,Summer,boat-neck,short,?,?,chiffon,sashes,?,1
466,party,Average,4.9,M,winter,o-neck,halfsleeve,?,cotton,?,lace,?,2
467,Casual,Average,4.8,M,Summer,o-neck,halfsleeve,?,?,?,?,?,1
468,Casual,Low,4.4,L,Summer,o-neck,sleevless,natural,cotton,chiffon,?,solid,1
469,Casual,Average,4.3,M,winter,slash-neck,sleeveless,natural,polyster,?,sashes,solid,1
470,cute,Average,4.7,L,Summer,o-neck,sleevless,natural,polyster,broadcloth,lace,solid,1
471,Sexy,Average,0,S,Summer,v-neck,sleevless,?,?,?,?,?,2
472,Casual,Low,4.4,free,Summer,o-neck,sleevless,?,?,?,?,animal,1
473,cute,high,4.3,M,Spring,boat-neck,full,natural,polyster,terry,lace,solid,2
474,work,Average,4.8,M,winter,turndowncollor,full,natural,?,?,?,solid,1
475,Casual,Average,4.6,M,Spring,o-neck,halfsleeve,natural,polyster,?,lace,solid,1
476,Sexy,Low,0,free,Summer,v-neck,sleevless,empire,cotton,?,?,solid,1
477,Casual,high,4.9,XL,winter,v-neck,full,empire,cotton,?,sequined,solid,1
478,Sexy,Low,0,free,winter,o-neck,sleevless,natural,lycra,chiffon,hollowout,solid,1
479,cute,Average,5,M,Autumn,v-neck,sleevless,natural,cotton,?,?,solid,1
480,cute,Low,0,free,Spring,v-neck,sleevless,natural,silk,worsted,lace,patchwork,2
481,Casual,Low,4.4,free,Summer,o-neck,full,natural,cotton,?,pockets,solid,1
482,Casual,Average,0,L,Spring,o-neck,sleevless,natural,chiffonfabric,chiffon,sequined,solid,1
483,cute,Average,4.7,M,Spring,o-neck,full,natural,rayon,chiffon,beading,solid,2
484,Casual,Average,4.6,M,winter,v-neck,halfsleeve,natural,silk,chiffon,sashes,solid,2
485,Casual,Low,4.4,free,Summer,o-neck,full,natural,cotton,?,?,solid,2
486,Casual,Low,5,M,Automn,o-neck,sleevless,empire,?,chiffon,?,print,2
487,Casual,Average,0,free,winter,o-neck,short,natural,polyster,chiffon,cascading,solid,1
488,Sexy,Average,0,free,winter,slash-neck,sleevless,natural,cotton,broadcloth,sequined,solid,2
489,Casual,Low,4.4,M,Summer,o-neck,halfsleeve,empire,chiffonfabric,chiffon,bow,solid,1
490,cute,Average,0,L,Summer,o-neck,sleevless,empire,cotton,?,lace,solid,2
491,Casual,Low,4.8,free,winter,bowneck,full,natural,polyster,chiffon,bow,solid,1
492,Casual,Average,5,L,Summer,o-neck,sleevless,natural,cotton,?,?,?,2
493,cute,Average,4.6,M,Spring,o-neck,halfsleeve,natural,acrylic,chiffon,?,?,1
494,bohemian,Low,4.6,free,Summer,o-neck,sleevless,natural,cotton,chiffon,none,solid,2
495,Brief,Average,4.7,M,winter,o-neck,halfsleeve,natural,acrylic,chiffon,?,striped,1
496,Casual,Low,4.7,M,Spring,o-neck,full,natural,polyster,?,?,solid,2
497,Sexy,Low,4.3,free,Summer,o-neck,full,empire,cotton,?,?,?,1
498,Casual,Average,4.7,M,Summer,v-neck,full,empire,cotton,?,lace,solid,2
499,Casual,Average,4.6,L,winter,boat-neck,sleevless,empire,silk,broadcloth,applique,print,2
500,Casual,Low,4.4,free,Summer,v-neck,short,empire,cotton,Corduroy,lace,solid,1